CATEGORIA;CCAA;PROVINCIA;VALORACION_POR_CATEGORIA;TOTAL_OPINIONES_CATEGORIA;VALORACION_GENERAL;;;;;;;Err:501
Naturaleza;Andalucia;Almeria;4,43;16866;4,26;;;;;;;
Naturaleza;Andalucia;Cadiz;4,41;8593;4,31;;;;;;;
Naturaleza;Andalucia;Cordoba;4,49;2543;4,31;;;;;;;
Naturaleza;Andalucia;Granada;4,56;13820;4,41;;;;;;;
Naturaleza;Andalucia;Huelva;4,26;5612;4,15;;;;;;;
Naturaleza;Andalucia;Jaen;4,69;3007;4,39;;;;;;;
Naturaleza;Andalucia;Malaga;4,55;66623;4,46;;;;;;;
Naturaleza;Andalucia;Sevilla;4,38;5022;4,36;;;;;;;
Naturaleza;Aragon;Huesca;4,59;10161;4,27;;;;;;;
Naturaleza;Aragon;Teruel;4,55;3070;4,28;;;;;;;
Naturaleza;Aragon;Zaragoza;4,53;3646;4,22;;;;;;;
Naturaleza;Canarias;Las;4,49;115253;4,28;;;;;;;
Naturaleza;Canarias;Santa;4,38;107785;4,29;;;;;;;
Naturaleza;Cantabria;Cantabria;4,48;15626;4,31;;;;;;;
Naturaleza;Castilla La Mancha;Albacete;4,53;1535;4,14;;;;;;;
Naturaleza;Castilla La Mancha;Ciudad Real;4,45;1131;4,32;;;;;;;
Naturaleza;Castilla La Mancha;Cuenca;4,48;2395;4,23;;;;;;;
Naturaleza;Castilla La Mancha;Guadalajara;4,4;997;4,1;;;;;;;
Naturaleza;Castilla La Mancha;Toledo;4,43;1592;4,23;;;;;;;
Naturaleza;Castilla y Leon;Burgos;4,54;3381;4,33;;;;;;;
Naturaleza;Castilla y Leon;Leon;4,52;2994;4,26;;;;;;;
Naturaleza;Castilla y Leon;Palencia;4,26;301;4,38;;;;;;;
Naturaleza;Castilla y Leon;Salamanca;4,49;1371;4,21;;;;;;;
Naturaleza;Castilla y Leon;Segovia;4,24;2436;4,1;;;;;;;
Naturaleza;Castilla y Leon;Soria;4,16;1877;3,96;;;;;;;
Naturaleza;Castilla y Leon;Valladolid;4,51;3270;4,06;;;;;;;
Naturaleza;Castilla y Leon;Zamora;4,43;440;4,21;;;;;;;
Naturaleza;Castilla y Leon;avila;4,49;1347;4,24;;;;;;;
Naturaleza;Cataluña;Barcelona;4,41;50267;4,12;;;;;;;
Naturaleza;Cataluña;Girona;4,47;40812;4,28;;;;;;;
Naturaleza;Cataluña;Lleida;4,53;7452;4,27;;;;;;;
Naturaleza;Cataluña;Tarragona;4,42;19398;4,22;;;;;;;
Naturaleza;Ceuta;Ceuta;3,5;2;3,5;;;;;;;
Naturaleza;Comunidad Foral De Navarra;Navarra;4,6;5154;4,27;;;;;;;
Naturaleza;Comunidad De Madrid;Madrid;4,33;14570;4,19;;;;;;;
Naturaleza;Comunitat Valenciana;Alicante/Alacant;4,47;49311;4,29;;;;;;;
Naturaleza;Comunitat Valenciana;Castellon/Castellon;4,5;3613;4,27;;;;;;;
Naturaleza;Comunitat Valenciana;Valencia/Valencia;4,26;53833;4,2;;;;;;;
Naturaleza;Extremadura;Badajoz;4,35;911;4,34;;;;;;;
Naturaleza;Extremadura;Caceres;4,66;2760;4,39;;;;;;;
Naturaleza;Galicia;A Coruña;4,42;7464;4,26;;;;;;;
Naturaleza;Galicia;Lugo;4,63;6770;4,29;;;;;;;
Naturaleza;Galicia;Ourense;4,57;1446;4,23;;;;;;;
Naturaleza;Galicia;Pontevedra;4,36;11290;4,2;;;;;;;
Naturaleza;Illes Baleares;Balears;4,51;142958;4,36;;;;;;;
Naturaleza;La Rioja;La Rioja;4,57;14747;4,33;;;;;;;
Naturaleza;Pais Vasco;Araba/Alava;4,66;7707;4,43;;;;;;;
Naturaleza;Pais Vasco;Bizkaia;4,45;3085;4,36;;;;;;;
Naturaleza;Pais Vasco;Gipuzkoa;4,7;16601;4,4;;;;;;;
Naturaleza;Principado De Asturias;Asturias;4,48;20778;4,38;;;;;;;
Naturaleza;Region de Murcia;Murcia;4,48;3093;4,26;;;;;;;
Urbano;Andalucia;Almeria;4,37;6113;4,26;;;;;;;
Urbano;Andalucia;Cadiz;4,62;2644;4,31;;;;;;;
Urbano;Andalucia;Cordoba;4,41;31998;4,31;;;;;;;
Urbano;Andalucia;Granada;4,4;66009;4,41;;;;;;;
Urbano;Andalucia;Huelva;4,3;1117;4,15;;;;;;;
Urbano;Andalucia;Jaen;4,55;1434;4,39;;;;;;;
Urbano;Andalucia;Malaga;4,56;63482;4,46;;;;;;;
Urbano;Andalucia;Sevilla;4,35;107233;4,36;;;;;;;
Urbano;Aragon;Huesca;4,14;1631;4,27;;;;;;;
Urbano;Aragon;Teruel;4,36;2705;4,28;;;;;;;
Urbano;Aragon;Zaragoza;4,32;10487;4,22;;;;;;;
Urbano;Canarias;Las Palmas;4,5;35229;4,28;;;;;;;
Urbano;Canarias;Santa Cruz de Tenerife;4,55;58110;4,29;;;;;;;
Urbano;Cantabria;Cantabria;4,34;6348;4,31;;;;;;;
Urbano;Castilla La Mancha;Albacete;3,9;568;4,14;;;;;;;
Urbano;Castilla La Mancha;Ciudad;4,69;1649;4,32;;;;;;;
Urbano;Castilla La Mancha;Cuenca;4,49;4563;4,23;;;;;;;
Urbano;Castilla La Mancha;Guadalajara;4,48;986;4,1;;;;;;;
Urbano;Castilla La Mancha;Toledo;4,43;16522;4,23;;;;;;;
Urbano;Castilla Y Leon;Burgos;4,61;2643;4,33;;;;;;;
Urbano;Castilla Y Leon;Leon;4,39;1791;4,26;;;;;;;
Urbano;Castilla Y Leon;Palencia;4,59;666;4,38;;;;;;;
Urbano;Castilla Y Leon;Salamanca;4,36;1984;4,21;;;;;;;
Urbano;Castilla Y Leon;Segovia;4,23;781;4,1;;;;;;;
Urbano;Castilla Y Leon;Soria;4,37;320;3,96;;;;;;;
Urbano;Castilla Y Leon;Valladolid;4,29;2096;4,06;;;;;;;
Urbano;Castilla Y Leon;Zamora;4,36;113;4,21;;;;;;;
Urbano;Castilla Y Leon;Avila;4,63;480;4,24;;;;;;;
Urbano;Cataluña;Barcelona;4,31;302771;4,12;;;;;;;
Urbano;Cataluña;Girona;4,47;7824;4,28;;;;;;;
Urbano;Cataluña;Lleida;4,42;2479;4,27;;;;;;;
Urbano;Cataluña;Tarragona;4,46;32922;4,22;;;;;;;
Urbano;Comunidad Foral De Navarra;Navarra;4,45;7178;4,27;;;;;;;
Urbano;Comunidad De Madrid;Madrid;4,37;266529;4,19;;;;;;;
Urbano;Comunitat Valenciana;Alicante/Alacant;4,51;24966;4,29;;;;;;;
Urbano;Comunitat Valenciana;Castellon/Castellon;4,55;3467;4,27;;;;;;;
Urbano;Comunitat Valenciana;Valenciana;4,39;37691;4,2;;;;;;;
Urbano;Extremadura;Badajoz;4,52;461;4,34;;;;;;;
Urbano;Extremadura;Caceres;4,51;13236;4,39;;;;;;;
Urbano;Galicia;A Coruña;4,48;9460;4,26;;;;;;;
Urbano;Galicia;Lugo;4,61;1327;4,29;;;;;;;
Urbano;Galicia;Ourense;4,18;3242;4,23;;;;;;;
Urbano;Galicia;Pontevedra;4,27;4131;4,2;;;;;;;
Urbano;Illes Baleares;Balears;4,51;44814;4,36;;;;;;;
Urbano;La Rioja;La Rioja;4,63;5393;4,33;;;;;;;
Urbano;Melilla;Melilla;5;1;4,41;;;;;;;
Urbano;Pais Vasco;Araba/Alava;4,57;2675;4,43;;;;;;;
Urbano;Pais Vasco;Bizkaia;4,45;17492;4,36;;;;;;;
Urbano;Pais Vasco;Gipuzkoa;4,55;15854;4,4;;;;;;;
Urbano;Principado de Asturias;Asturias;4,55;10211;4,38;;;;;;;
Urbano;Region de Murcia;Murcia;4,55;3904;4,26;;;;;;;
Comida y Bebida;Andalucia;Cordoba;5;2;4,31;;;;;;;
Comida y Bebida;Andalucia;Huelva;1;1;4,15;;;;;;;
Comida y Bebida;Andalucia;Malaga;4,78;940;4,46;;;;;;;
Comida y Bebida;Canarias;Las Palmas;3,5;111;4,28;;;;;;;
Comida y Bebida;Castilla La Mancha;Ciudad Real;5;20;4,32;;;;;;;
Comida y Bebida;Castilla La Mancha;Toledo;4,92;85;4,23;;;;;;;
Comida y Bebida;Castilla y Leon;Valladolid;4,33;121;4,06;;;;;;;
Comida y Bebida;Castilla y Leon;Avila;4,73;13;4,24;;;;;;;
Comida y Bebida;Cataluña;Barcelona;4,68;1927;4,12;;;;;;;
Comida y Bebida;Cataluña;Girona;4,54;80;4,28;;;;;;;
Comida y Bebida;Cataluña;Lleida;4,86;7;4,27;;;;;;;
Comida y Bebida;Comunitat Valenciana;Alicante/Alacant;4,56;182;4,29;;;;;;;
Comida y Bebida;Extremadura;Caceres;4,5;2;4,39;;;;;;;
Comida y Bebida;Galicia;A Coruña;4,33;25;4,26;;;;;;;
Comida y Bebida;Galicia;Lugo;4,4;5;4,29;;;;;;;
Comida y Bebida;Galicia;Pontevedra;4,22;93;4,2;;;;;;;
Comida y Bebida;Pais Vasco;Araba/Alava;4,4;154;4,43;;;;;;;
Comida y Bebida;Pais Vasco;Bizkaia;4,47;275;4,36;;;;;;;
Comida y Bebida;Principado de Asturias;Asturias;4,27;42;4,38;;;;;;;
Comida y Bebida;Region de Murcia;Murcia;4;106;4,26;;;;;;;
Comida y Bebida;Andalucia;Cadiz;4,72;48;4,31;;;;;;;
Comida y Bebida;Andalucia;Granada;4,73;663;4,41;;;;;;;
Comida y Bebida;Andalucia;Sevilla;4,79;3687;4,36;;;;;;;
Comida y Bebida;Aragon;Huesca;4,6;20;4,27;;;;;;;
Comida y Bebida;Aragon;Zaragoza;4,05;34;4,22;;;;;;;
Comida y Bebida;Canarias;Santa Cruz de Tenerife;4,5;39;4,29;;;;;;;
Comida y Bebida;Cantabria;Cantabria;4,64;25;4,31;;;;;;;
Comida y Bebida;Castilla La Mancha;Cuenca;4,68;34;4,23;;;;;;;
Comida y Bebida;Castilla La Mancha;Guadalajara;3;2;4,1;;;;;;;
Comida y Bebida;Castilla y Leon;Burgos;4,9;157;4,33;;;;;;;
Comida y Bebida;Castilla y Leon;Leon;4,95;219;4,26;;;;;;;
Comida y Bebida;Castilla y Leon;Salamanca;4,76;50;4,21;;;;;;;
Comida y Bebida;Castilla y Leon;Segovia;5;1;4,1;;;;;;;
Comida y Bebida;Castilla y Leon;Soria;4,5;2;3,96;;;;;;;
Comida y Bebida;Cataluña;Tarragona;4,61;207;4,22;;;;;;;
Comida y Bebida;Comunidad Foral De Navarra;Navarra;4,67;70;4,27;;;;;;;
Comida y Bebida;Comunidad de Madrid;Madrid;4,7;2955;4,19;;;;;;;
Comida y Bebida;Comunitat Valenciana;Valencia/Valencia;4,86;348;4,2;;;;;;;
Comida y Bebida;Illes Baleares;Balears;4,9;979;4,36;;;;;;;
Comida y Bebida;La Rioja;La Rioja;4,7;85;4,33;;;;;;;
Comida y Bebida;Pais Vasco;Gipuzkoa;3,87;273;4,4;;;;;;;
Compras;Andalucia;Almeria;4,34;657;4,26;;;;;;;
Compras;Andalucia;Cadiz;3,98;418;4,31;;;;;;;
Compras;Andalucia;Cordoba;4,27;451;4,31;;;;;;;
Compras;Andalucia;Granada;4,3;3099;4,41;;;;;;;
Compras;Andalucia;Huelva;4,06;297;4,15;;;;;;;
Compras;Andalucia;Jaen;4,77;122;4,39;;;;;;;
Compras;Andalucia;Malaga;4,4;6249;4,46;;;;;;;
Compras;Andalucia;Sevilla;4,08;3367;4,36;;;;;;;
Compras;Aragon;Huesca;4,27;109;4,27;;;;;;;
Compras;Aragon;Teruel;4,11;58;4,28;;;;;;;
Compras;Aragon;Zaragoza;4,46;1105;4,22;;;;;;;
Compras;Canarias;Las Palmas;3,95;6955;4,28;;;;;;;
Compras;Canarias;Santa Cruz de Tenerife;4,13;3350;4,29;;;;;;;
Compras;Cantabria;Cantabria;4,06;463;4,31;;;;;;;
Compras;Castilla La Mancha;Albacete;3,19;33;4,14;;;;;;;
Compras;Castilla;Ciudad;4,54;59;4,32;;;;;;;
Compras;Castilla;Cuenca;4,54;24;4,23;;;;;;;
Compras;Castilla;Guadalajara;4,51;41;4,1;;;;;;;
Compras;Castilla;Toledo;4,76;1094;4,23;;;;;;;
Compras;Castilla y Leon;Burgos;4,37;52;4,33;;;;;;;
Compras;Castilla y Leon;Len;4,33;165;4,26;;;;;;;
Compras;Castilla y Leon;Palencia;3,86;59;4,38;;;;;;;
Compras;Castilla y Leon;Salamanca;4,6;157;4,21;;;;;;;
Compras;Castilla y Leon;Segovia;4,53;148;4,1;;;;;;;
Compras;Castilla y Leon;Soria;4,48;22;3,96;;;;;;;
Compras;Castilla y Leon;Valladolid;4,05;224;4,06;;;;;;;
Compras;Castilla y Leon;Zamora;4,32;107;4,21;;;;;;;
Compras;Castilla y Leon;Avila;3,27;24;4,24;;;;;;;
Compras;Cataluña;Barcelona;3,72;44046;4,12;;;;;;;
Compras;Cataluña;Girona;4,03;1913;4,28;;;;;;;
Compras;Cataluña;Lleida;4,32;80;4,27;;;;;;;
Compras;Cataluña;Tarragona;4,24;913;4,22;;;;;;;
Compras;Comunidad Foral De Navarra;Navarra;4,35;236;4,27;;;;;;;
Compras;Comunidad De Madrid;Madrid;3,98;37284;4,19;;;;;;;
Compras;Comunitat Valenciana;Alicante/Alacant;4,11;4180;4,29;;;;;;;
Compras;Comunitat Valenciana;Castellon/Castello;4,31;375;4,27;;;;;;;
Compras;Comunitat Valenciana;Valencia/Valencia;3,78;27244;4,2;;;;;;;
Compras;Extremadura;Badajoz;4,5;225;4,34;;;;;;;
Compras;Extremadura;Caceres;4,63;187;4,39;;;;;;;
Compras;Galicia;A Coruña;4,06;2042;4,26;;;;;;;
Compras;Galicia;Lugo;4,39;85;4,29;;;;;;;
Compras;Galicia;Ourense;4,6;89;4,23;;;;;;;
Compras;Galicia;Pontevedra;4,02;1091;4,2;;;;;;;
Compras;Illes Baleares;Balears;4,19;7256;4,36;;;;;;;
Compras;La Rioja;La Rioja;4,26;389;4,33;;;;;;;
Compras;Pais Vasco;Araba/Alava;3,88;97;4,43;;;;;;;
Compras;Pais Vasco;Bizkaia;3,9;305;4,36;;;;;;;
Compras;Pais Vasco;Gipuzkoa;4,36;401;4,4;;;;;;;
Compras;Principado De Asturias;Asturias;4,46;1033;4,38;;;;;;;
Compras;Region De Murcia;Murcia;3,94;512;4,26;;;;;;;
Museos;Andalucia;Almeria;4,44;1793;4,26;;;;;;;
Museos;Andalucia;Cadiz;4,5;2202;4,31;;;;;;;
Museos;Andalucia;Cordoba;4,36;9928;4,31;;;;;;;
Museos;Andalucia;Granada;4,4;6059;4,41;;;;;;;
Museos;Andalucia;Huelva;4,24;2059;4,15;;;;;;;
Museos;Andalucia;Jaen;4,25;2265;4,39;;;;;;;
Museos;Andalucia;Malaga;4,49;25469;4,46;;;;;;;
Museos;Andalucia;Sevilla;4,35;9847;4,36;;;;;;;
Museos;Aragon;Huesca;4,36;2011;4,27;;;;;;;
Museos;Aragon;Teruel;4,21;925;4,28;;;;;;;
Museos;Aragon;Zaragoza;4,55;3222;4,22;;;;;;;
Museos;Canarias ;Las Palmas;4,3;11545;4,28;;;;;;;
Museos;Canarias;Santa Cruz de Tenerife;4,28;4090;4,29;;;;;;;
Museos;Cantabria;Cantabria;4,36;6188;4,31;;;;;;;
Museos;Castilla La Mancha;Albacete;4,14;479;4,14;;;;;;;
Museos;Castilla La Mancha;Ciudad;4,24;878;4,32;;;;;;;
Museos;Castilla La Mancha;Cuenca;4,51;2312;4,23;;;;;;;
Museos;Castilla La Mancha;Guadalajara;4,3;401;4,1;;;;;;;
Museos;Castilla La Mancha;Toledo;4,26;9463;4,23;;;;;;;
Museos;Castilla y Leon;Burgos;4,32;5219;4,33;;;;;;;
Museos;Castilla;Leon;4,31;1682;4,26;;;;;;;
Museos;Castilla;Palencia;4,57;1213;4,38;;;;;;;
Museos;Castilla;Salamanca;4,5;3166;4,21;;;;;;;
Museos;Castilla;Segovia;4,35;10691;4,1;;;;;;;
Museos;Castilla;Soria;4,05;275;3,96;;;;;;;
Museos;Castilla;Valladolid;4,32;3809;4,06;;;;;;;
Museos;Castilla;Zamora;4,25;487;4,21;;;;;;;
Museos;Castilla;Avila;4,51;250;4,24;;;;;;;
Museos;Cataluña;Barcelona;4,18;63719;4,12;;;;;;;
Museos;Cataluña;Girona;4,17;11602;4,28;;;;;;;
Museos;Cataluña;Lleida;4,34;1587;4,27;;;;;;;
Museos;Cataluña;Tarragona;4,38;2956;4,22;;;;;;;
Museos;Comunidad Foral De Navarra;Navarra;4,33;2292;4,27;;;;;;;
Museos;Comunidad De Madrid;Madrid;4,26;120493;4,19;;;;;;;
Museos;Comunitat Valenciana;Alicante/Alacant;4,23;6360;4,29;;;;;;;
Museos;Comunitat Valenciana;Castellon/Castello;3,89;455;4,27;;;;;;;
Museos;Comunitat Valenciana;Valencia/Valencia;4,27;27736;4,2;;;;;;;
Museos;Extremadura;Badajoz;4,38;2644;4,34;;;;;;;
Museos;Extremadura;Caceres;4,29;2592;4,39;;;;;;;
Museos;Galicia;A Coruña;4,31;3366;4,26;;;;;;;
Museos;Galicia;Lugo;4,35;997;4,29;;;;;;;
Museos;Galicia;Ourense;4,27;273;4,23;;;;;;;
Museos;Galicia;Pontevedra;3,94;1530;4,2;;;;;;;
Museos;Illes Baleares;Balears;4,09;6643;4,36;;;;;;;
Museos;La Rioja;Rioja;4,16;535;4,33;;;;;;;
Museos;Pais Vasco;Araba/Alava;4,38;1068;4,43;;;;;;;
Museos;Pais Vasco;Bizkaia;4,47;22472;4,36;;;;;;;
Museos;Pais Vasco;Gipuzkoa;4,47;2734;4,4;;;;;;;
Museos;Principado De Asturias;Asturias;4,39;10141;4,38;;;;;;;
Museos;Region De Murcia;Murcia;4,43;1091;4,26;;;;;;;
Otros;Andalucia;Almeria;4,34;67;4,26;;;;;;;
Otros;Andalucia;Cadiz;4,02;123;4,31;;;;;;;
Otros;Andalucia;Cordoba;4,14;163;4,31;;;;;;;
Otros;Andalucia;Granada;4,43;54;4,41;;;;;;;
Otros;Andalucia;Huelva;4,32;41;4,15;;;;;;;
Otros;Andalucia;Jaen;4,27;388;4,39;;;;;;;
Otros;Andalucia;Malaga;4,22;434;4,46;;;;;;;
Otros;Andalucia;Sevilla;3;2;4,36;;;;;;;
Otros;Aragon;Huesca;4,33;30;4,27;;;;;;;
Otros;Aragon;Teruel;4,02;2827;4,28;;;;;;;
Otros;Aragon;Zaragoza;3,79;73;4,22;;;;;;;
Otros;Canarias;Las Palmas;4,18;117;4,28;;;;;;;
Otros;Canarias;Santa Cruz de Tenerife;4,24;639;4,29;;;;;;;
Otros;Cantabria;Cantabria;4,3;112;4,31;;;;;;;
Otros;Castilla La Mancha;Albacete;3,36;26;4,14;;;;;;;
Otros;Castilla La Mancha;Ciudad Real;4,21;78;4,32;;;;;;;
Otros;Castilla La Mancha;Cuenca;4,46;1118;4,23;;;;;;;
Otros;Castilla La Mancha;Guadalajara;4,04;16;4,1;;;;;;;
Otros;Castilla La Mancha;Toledo;4,05;40;4,23;;;;;;;
Otros;Castilla y Leon;Burgos;4,44;69;4,33;;;;;;;
Otros;Castilla y Leon;Leon;3,97;64;4,26;;;;;;;
Otros;Castilla y Leon;Palencia;5;6;4,38;;;;;;;
Otros;Castilla y Leon;Salamanca;4,16;266;4,21;;;;;;;
Otros;Castilla y Leon;Segovia;4,34;22;4,1;;;;;;;
Otros;Castilla y Leon;Soria;3,86;31;3,96;;;;;;;
Otros;Castilla y Leon;Valladolid;4,42;30;4,06;;;;;;;
Otros;Castilla y Leon;Zamora;4,6;355;4,21;;;;;;;
Otros;Castilla y Leon;Avila;3,64;84;4,24;;;;;;;
Otros;Cataluña;Barcelona;4,12;1512;4,12;;;;;;;
Otros;Cataluña;Girona;4,03;336;4,28;;;;;;;
Otros;Cataluña;Lleida;4,09;37;4,27;;;;;;;
Otros;Cataluña;Tarragona;3,92;663;4,22;;;;;;;
Otros;Comunidad Foral De Navarra;Navarra;4,35;222;4,27;;;;;;;
Otros;Comunidad de Madrid;Madrid;3,67;645;4,19;;;;;;;
Otros;Comunitat Valenciana;Alicante/Alacant;4,16;234;4,29;;;;;;;
Otros;Comunitat Valenciana;Castellon/Castello;3,94;108;4,27;;;;;;;
Otros;Comunitat Valenciana;Valencia/ValEncia;3,95;228;4,2;;;;;;;
Otros;Extremadura;Badajoz;3,95;136;4,34;;;;;;;
Otros;Extremadura;Caceres;4,35;250;4,39;;;;;;;
Otros;Galicia;A Coruña;4,07;77;4,26;;;;;;;
Otros;Galicia;Lugo;3,88;80;4,29;;;;;;;
Otros;Galicia;Ourense;4,73;13;4,23;;;;;;;
Otros;Galicia;Pontevedra;4,41;58;4,2;;;;;;;
Otros;Illes Balears;Balears;3,76;213;4,36;;;;;;;
Otros;La Rioja;La Rioja;4,07;136;4,33;;;;;;;
Otros;Pais Vasco;Bizkaia;4,82;394;4,36;;;;;;;
Otros;Pais Vasco;Gipuzkoa;3,87;22;4,4;;;;;;;
Otros;Principado de Asturias;Asturias;4,28;77;4,38;;;;;;;
Otros;Region De Murcia;Murcia;3,4;5;4,26;;;;;;;
Paisaje Naturaleza;Andalucia;AlmerIa;4,31;1691;4,26;;;;;;;
Paisaje Naturaleza;Andalucia;Cadiz;4,27;5426;4,31;;;;;;;
Paisaje Naturaleza;Andalucia;Cordoba;4,34;805;4,31;;;;;;;
Paisaje Naturaleza;Andalucia;Granada;4,51;5033;4,41;;;;;;;
Paisaje Naturaleza;Andalucia;Huelva;4,09;1483;4,15;;;;;;;
Paisaje Naturaleza;Andalucia;JaEn;4,31;592;4,39;;;;;;;
Paisaje Naturaleza;Andalucia;Malaga;4,45;22542;4,46;;;;;;;
Paisaje Naturaleza;Andalucia;Sevilla;4,69;11761;4,36;;;;;;;
Paisaje Naturaleza;Aragon;Huesca;4,42;4040;4,27;;;;;;;
Paisaje Naturaleza;Aragon;Teruel;4,35;464;4,28;;;;;;;
Paisaje Naturaleza;Aragon;Zaragoza;4,25;2537;4,22;;;;;;;
Paisaje Naturaleza;Canarias;Las;4,24;49779;4,28;;;;;;;
Paisaje Naturaleza;Canarias;Santa;4,29;33565;4,29;;;;;;;
Paisaje Naturaleza;Cantabria;Cantabria;4,32;12358;4,31;;;;;;;
Paisaje Naturaleza;Castilla La Mancha;Albacete;4,3;584;4,14;;;;;;;
Paisaje Naturaleza;Castilla La Mancha;Ciudad Real;4,31;1913;4,32;;;;;;;
Paisaje Naturaleza;Castilla La Mancha;Cuenca;4,45;1002;4,23;;;;;;;
Paisaje Naturaleza;Castilla La Mancha;Guadalajara;3,94;154;4,1;;;;;;;
Paisaje Naturaleza;Castilla La Mancha;Toledo;4,05;69;4,23;;;;;;;
Paisaje Naturaleza;Castilla y Leon;Burgos;4,33;1545;4,33;;;;;;;
Paisaje Naturaleza;Castilla y Leon;Leon;4,52;625;4,26;;;;;;;
Paisaje Naturaleza;Castilla y Leon;Palencia;4,52;119;4,38;;;;;;;
Paisaje Naturaleza;Castilla y Leon;Salamanca;4,37;1392;4,21;;;;;;;
Paisaje Naturaleza;Castilla y Leon;Segovia;4,02;4425;4,1;;;;;;;
Paisaje Naturaleza;Castilla y Leon;Soria;4,05;1244;3,96;;;;;;;
Paisaje Naturaleza;Castilla y Leon;Valladolid;3,88;2001;4,06;;;;;;;
Paisaje Naturaleza;Castilla y Leon;Zamora;4,39;1254;4,21;;;;;;;
Paisaje Naturaleza;Castilla y Leon;Avila;4,68;391;4,24;;;;;;;
Paisaje Naturaleza;Cataluña;Barcelona;4,06;105815;4,12;;;;;;;
Paisaje Naturaleza;Cataluña;Girona;4,34;16473;4,28;;;;;;;
Paisaje Naturaleza;Cataluña;Lleida;4,23;1903;4,27;;;;;;;
Paisaje Naturaleza;Cataluña;Tarragona;4,09;8606;4,22;;;;;;;
Paisaje Naturaleza;Comunidad Foral De Navarra;Navarra;4,22;915;4,27;;;;;;;
Paisaje Naturaleza;Comunidad De Madrid;Madrid;4,2;76321;4,19;;;;;;;
Paisaje Naturaleza;Comunitat Valenciana;Alicante/Alacant;4,26;11940;4,29;;;;;;;
Paisaje Naturaleza;Comunitat Valenciana;Castellon/Castellon;4,12;729;4,27;;;;;;;
Paisaje Naturaleza;Comunitat Valenciana;Valencia/Valencia;4,16;12141;4,2;;;;;;;
Paisaje Naturaleza;Extremadura;Badajoz;4,37;193;4,34;;;;;;;
Paisaje Naturaleza;Extremadura;Caceres;4,48;2413;4,39;;;;;;;
Paisaje Naturaleza;Galicia;A Coruña;4,39;5393;4,26;;;;;;;
Paisaje Naturaleza;Galicia;Lugo;4,53;490;4,29;;;;;;;
Paisaje Naturaleza;Galicia;Ourense;4,4;66;4,23;;;;;;;
Paisaje Naturaleza;Galicia;Pontevedra;4,3;3344;4,2;;;;;;;
Paisaje Naturaleza;Illes Baleares;Balears;4,38;43785;4,36;;;;;;;
Paisaje Naturaleza;La Rioja;La Rioja;4,34;546;4,33;;;;;;;
Paisaje Naturaleza;Melilla;Melilla;4,83;39;4,41;;;;;;;
Paisaje Naturaleza;Pais Vasco;Araba/Alava;4,73;888;4,43;;;;;;;
Paisaje Naturaleza;Pais Vasco;Bizkaia;4,42;5170;4,36;;;;;;;
Paisaje Naturaleza;Pais Vasco;Gipuzkoa;4,61;8009;4,4;;;;;;;
Paisaje Naturaleza;Principado De Asturias;Asturias;4,38;14179;4,38;;;;;;;
Paisaje Naturaleza;Region De Murcia;Murcia;4,21;509;4,26;;;;;;;
Paisaje Urbano;Andalucia;Almeria;4,02;8736;4,26;;;;;;;
Paisaje Urbano;Andalucia;Cadiz;4,19;5982;4,31;;;;;;;
Paisaje Urbano;Andalucia;Cordoba;4,16;72431;4,31;;;;;;;
Paisaje Urbano;Andalucia;Granada;4,3;110283;4,41;;;;;;;
Paisaje Urbano;Andalucia;Huelva;4,05;8189;4,15;;;;;;;
Paisaje Urbano;Andalucia;Jaen;4,33;13566;4,39;;;;;;;
Paisaje Urbano;Andalucia;Malaga;4,24;111907;4,46;;;;;;;
Paisaje Urbano;Andalucia;Sevilla;4,48;186292;4,36;;;;;;;
Paisaje Urbano;Aragon;Huesca;3,99;8638;4,27;;;;;;;
Paisaje Urbano;Aragon;Teruel;4,21;9565;4,28;;;;;;;
Paisaje Urbano;Aragon;Zaragoza;4,16;34566;4,22;;;;;;;
Paisaje Urbano;Canarias;Las Palmas;3,93;8746;4,28;;;;;;;
Paisaje Urbano;Canarias;Santa Cruz de Tenerife;4,04;9511;4,29;;;;;;;
Paisaje Urbano;Cantabria;Cantabria;4,26;20692;4,31;;;;;;;
Paisaje Urbano;Castilla La Mancha;Albacete;4,09;3236;4,14;;;;;;;
Paisaje Urbano;Castilla La Mancha;Ciudad Real;4,11;4989;4,32;;;;;;;
Paisaje Urbano;Castilla La Mancha;Cuenca;3,95;10901;4,23;;;;;;;
Paisaje Urbano;Castilla La Mancha;Guadalajara;4,03;5264;4,1;;;;;;;
Paisaje Urbano;Castilla La Mancha;Toledo;4,04;40606;4,23;;;;;;;
Paisaje Urbano;Castilla y Leon;Burgos;4,22;17745;4,33;;;;;;;
Paisaje Urbano;Castilla y Leon;Leon;4,11;19997;4,26;;;;;;;
Paisaje Urbano;Castilla y Leon;Palencia;4,29;3724;4,38;;;;;;;
Paisaje Urbano;Castilla y Leon;Salamanca;4,06;31015;4,21;;;;;;;
Paisaje Urbano;Castilla y Leon;Segovia;3,96;21808;4,1;;;;;;;
Paisaje Urbano;Castilla y Leon;Soria;3,85;6677;3,96;;;;;;;
Paisaje Urbano;Castilla y Leon;Valladolid;3,78;10112;4,06;;;;;;;
Paisaje Urbano;Castilla y Leon;Zamora;3,98;6055;4,21;;;;;;;
Paisaje Urbano;Castilla y Leon;Avila;3,99;13978;4,24;;;;;;;
Paisaje Urbano;Cataluña;Barcelona;3,9;565405;4,12;;;;;;;
Paisaje Urbano;Cataluña;Girona;4,08;40641;4,28;;;;;;;
Paisaje Urbano;Cataluña;Lleida;4,1;4740;4,27;;;;;;;
Paisaje Urbano;Cataluña;Tarragona;3,96;23819;4,22;;;;;;;
Paisaje Urbano;Comunidad Foral De Navarra;Navarra;4,18;13758;4,27;;;;;;;
Paisaje Urbano;Comunidad De Madrid;Madrid;3,96;217394;4,19;;;;;;;
Paisaje Urbano;Comunitat Valenciana;Alicante/Alacant;4,06;47316;4,29;;;;;;;
Paisaje Urbano;Comunitat Valenciana;Castellon/Castellon;4,17;10896;4,27;;;;;;;
Paisaje Urbano;Comunitat Valenciana;Valencia/Valencia;4,18;45181;4,2;;;;;;;
Paisaje Urbano;Extremadura;Badajoz;4,25;17682;4,34;;;;;;;
Paisaje Urbano;Extremadura;Caceres;4,18;14788;4,39;;;;;;;
Paisaje Urbano;Galicia;A Coruña;4,2;41668;4,26;;;;;;;
Paisaje Urbano;Galicia;Lugo;4,05;6548;4,29;;;;;;;
Paisaje Urbano;Galicia;Ourense;4,18;4079;4,23;;;;;;;
Paisaje Urbano;Galicia;Pontevedra;4,11;13491;4,2;;;;;;;
Paisaje Urbano;Illes Baleares;Balears;4,09;72985;4,36;;;;;;;
Paisaje Urbano;La Rioja;La Rioja;4,16;9638;4,33;;;;;;;
Paisaje Urbano;Melilla;Melilla;3;1;4,41;;;;;;;
Paisaje Urbano;Pais Vasco;Araba/Alava;4,41;6249;4,43;;;;;;;
Paisaje Urbano;Pais Vasco;Bizkaia;4,29;25339;4,36;;;;;;;
Paisaje Urbano;Pais Vasco;Gipuzkoa;4,22;17484;4,4;;;;;;;
Paisaje Urbano;Principado De Asturias;Asturias;4,24;26129;4,38;;;;;;;
Paisaje Urbano;Region De Murcia;Murcia;4,11;6738;4,26;;;;;;;
Servicios;Andalucia;Almeria;4,37;186;4,26;;;;;;;
Servicios;Andalucia;Cadiz;3,88;38;4,31;;;;;;;
Servicios;Andalucia;Cadiz;4,31;16;4,31;;;;;;;
Servicios;Andalucia;Granada;4,67;1323;4,41;;;;;;;
Servicios;Andalucia;Huelva;4,11;106;4,15;;;;;;;
Servicios;Andalucia;Jaen;4,56;35;4,39;;;;;;;
Servicios;Andalucia;Malaga;4,73;19462;4,46;;;;;;;
Servicios;Andalucia;Sevilla;3,93;2395;4,36;;;;;;;
Servicios;Andalucia;Huesca;4,9;179;4,27;;;;;;;
Servicios;Aragon;Teruel;4,16;12;4,28;;;;;;;
Servicios;Aragon;Zaragoza;3,81;30;4,22;;;;;;;
Servicios;Canarias;Las Palmas;3,63;1030;4,28;;;;;;;
Servicios;Canarias;Santa Cruz de Tenerife;3,84;2043;4,29;;;;;;;
Servicios;Cantabria;Cantabria;4,24;1647;4,31;;;;;;;
Servicios;Castilla La Mancha;Ciudad;3;1;4,32;;;;;;;
Servicios;Castilla La Mancha;Cuenca;5;2;4,23;;;;;;;
Servicios;Castilla La Mancha;Guadalajara;5;1;4,1;;;;;;;
Servicios;Castilla La Mancha;Toledo;3,32;9;4,23;;;;;;;
Servicios;Castilla y Leon;Burgos;1,92;6;4,33;;;;;;;
Servicios;Castilla y Leon;Leon;4,7;11;4,26;;;;;;;
Servicios;Castilla y Leon;Palencia;5;4;4,38;;;;;;;
Servicios;Castilla y Leon;Salamanca;3,22;484;4,21;;;;;;;
Servicios;Castilla y Leon;Segovia;3,3;46;4,1;;;;;;;
Servicios;Castilla y Leon;Soria;2;1;3,96;;;;;;;
Servicios;Castilla y Leon;Valladolid;2,64;53;4,06;;;;;;;
Servicios;Castilla y Leon;Zamora;5;1;4,21;;;;;;;
Servicios;Cataluña;Barcelona;4;65068;4,12;;;;;;;
Servicios;Cataluña;Girona;4,19;568;4,28;;;;;;;
Servicios;Cataluña;Lleida;3,8;102;4,27;;;;;;;
Servicios;Cataluña;Tarragona;3,46;3065;4,22;;;;;;;
Servicios;Comunidad Foral De Navarra;Navarra;2,1;51;4,27;;;;;;;
Servicios;Comunidad De Madrid;Madrid;3,79;16480;4,19;;;;;;;
Servicios;Comunitat Valenciana;Alicante/Alacant;3,84;12541;4,29;;;;;;;
Servicios;Comunitat Valenciana;Castellon/Castello;3,69;244;4,27;;;;;;;
Servicios;Comunitat Valenciana;Valencia/ValEncia;4,58;2778;4,2;;;;;;;
Servicios;Extremadura;Caceres;4,99;34;4,39;;;;;;;
Servicios;Galicia;A Coruña;4,07;243;4,26;;;;;;;
Servicios;Galicia;Lugo;3,86;110;4,29;;;;;;;
Servicios;Galicia;Ourense;3,18;18;4,23;;;;;;;
Servicios;Galicia;Pontevedra;4,09;493;4,2;;;;;;;
Servicios;Illes Baleares;Balears;4,18;16855;4,36;;;;;;;
Servicios;La Rioja;La Rioja;4,78;10;4,33;;;;;;;
Servicios;Pais Vasco;Araba/Alava;5;9;4,43;;;;;;;
Servicios;Pais Vasco;Bizkaia;3,95;4696;4,36;;;;;;;
Servicios;Pais Vasco;Gipuzkoa;3,78;104;4,4;;;;;;;
Servicios;Principado De Asturias;Asturias;4,19;1132;4,38;;;;;;;
Servicios;Region De Murcia;Murcia;3,38;8;4,26;;;;;;;
Vida Nocturna;Andalucia;Almeria;3,78;2003;4,26;;;;;;;
Vida Nocturna;Andalucia;Cadiz;4,14;908;4,31;;;;;;;
Vida Nocturna;Andalucia;Cordoba;4,23;566;4,31;;;;;;;
Vida Nocturna;Andalucia;Granada;3,98;4281;4,41;;;;;;;
Vida Nocturna;Andalucia;Huelva;4,29;576;4,15;;;;;;;
Vida Nocturna;Andalucia;Jaen;3,93;193;4,39;;;;;;;
Vida Nocturna;Andalucia;Malaga;4,34;23240;4,46;;;;;;;
Vida Nocturna;Andalucia;Sevilla;4,09;15619;4,36;;;;;;;
Vida Nocturna;Aragon;Huesca;3,8;479;4,27;;;;;;;
Vida Nocturna;Aragon;Teruel;4,26;415;4,28;;;;;;;
Vida Nocturna;Aragon;Zaragoza;3,74;650;4,22;;;;;;;
Vida Nocturna;Canarias;Las;4,2;49496;4,28;;;;;;;
Vida Nocturna;Canarias;Santa;4,05;23400;4,29;;;;;;;
Vida Nocturna;Cantabria;Cantabria;4,01;2311;4,31;;;;;;;
Vida Nocturna;Castilla La Mancha;Albacete;4,32;247;4,14;;;;;;;
Vida Nocturna;Castilla La Mancha;Ciudad Real;4,1;157;4,32;;;;;;;
Vida Nocturna;Castilla La Mancha;Cuenca;3,93;276;4,23;;;;;;;
Vida Nocturna;Castilla La Mancha;Guadalajara;3,32;166;4,1;;;;;;;
Vida Nocturna;Castilla La Mancha;Toledo;3,95;188;4,23;;;;;;;
Vida Nocturna;Castilla y Leon;Burgos;4,12;391;4,33;;;;;;;
Vida Nocturna;Castilla y Leon;Leon;4,01;646;4,26;;;;;;;
Vida Nocturna;Castilla y Leon;Palencia;4,27;141;4,38;;;;;;;
Vida Nocturna;Castilla y Leon;Salamanca;3,57;1389;4,21;;;;;;;
Vida Nocturna;Castilla y Leon;Segovia;3,85;97;4,1;;;;;;;
Vida Nocturna;Castilla y Leon;Soria;4,19;68;3,96;;;;;;;
Vida Nocturna;Castilla y Leon;Valladolid;4,04;523;4,06;;;;;;;
Vida Nocturna;Castilla y Leon;Zamora;4,42;174;4,21;;;;;;;
Vida Nocturna;Castilla y Leon;Avila;3,88;182;4,24;;;;;;;
Vida Nocturna;Cataluña;Barcelona;3,95;45861;4,12;;;;;;;
Vida Nocturna;Cataluña;Girona;3,84;5401;4,28;;;;;;;
Vida Nocturna;Cataluña;Lleida;3,84;421;4,27;;;;;;;
Vida Nocturna;Cataluña;Tarragona;4,06;8148;4,22;;;;;;;
Vida Nocturna;Comunidad Foral De Navarra;Navarra;3,71;976;4,27;;;;;;;
Vida Nocturna;Comunidad De Madrid;Madrid;3,87;38589;4,19;;;;;;;
Vida Nocturna;Comunitat Valenciana;Alicante/Alacant;4,05;31489;4,29;;;;;;;
Vida Nocturna;Comunitat Valenciana;Castellon/Castellon;3,98;932;4,27;;;;;;;
Vida Nocturna;Comunitat Valenciana;Valencia/Valencia;3,76;3927;4,2;;;;;;;
Vida Nocturna;Extremadura;Badajoz;4,29;954;4,34;;;;;;;
Vida Nocturna;Extremadura;Caceres;3,98;544;4,39;;;;;;;
Vida Nocturna;Galicia;A Coruña;3,66;2515;4,26;;;;;;;
Vida Nocturna;Galicia;Lugo;4,13;213;4,29;;;;;;;
Vida Nocturna;Galicia;Ourense;3,62;300;4,23;;;;;;;
Vida Nocturna;Galicia;Pontevedra;4;1168;4,2;;;;;;;
Vida Nocturna;Illes;Balears;4,05;47637;4,36;;;;;;;
Vida Nocturna;La Rioja;La Rioja;3,67;767;4,33;;;;;;;
Vida Nocturna;Pais Vasco;Araba/Alava;3,75;434;4,43;;;;;;;
Vida Nocturna;Pais Vasco;Bizkaia;4,26;2335;4,36;;;;;;;
Vida Nocturna;Pais Vasco;Gipuzkoa;4,04;2207;4,4;;;;;;;
Vida Nocturna;Principado;Asturias;4,15;4064;4,38;;;;;;;
Vida Nocturna;Region De Murcia;Murcia;3,59;666;4,26;;;;;;;
